quantity,statistic,unit,level1x,level2x,level4x,featflow_L4,featflow_L3,error_1x_pct,error_2x_pct,error_4x_pct,change_1x_2x,change_2x_4x,ratio,observed_order_scaled_path,late_variability_4x,verdict
ux_mean,benchmark,mm,-2.23177,-2.78779,-3.08454,-2.88,-2.77,+22.51,+3.20,-7.10,-0.556013,-0.296754,0.534,0.91,0.031352,monotone; order well below the formal 2: not asymptotic
ux_mean,smoothed4ms,mm,-2.23143,-2.7884,-3.08522,-2.88,-2.77,+22.52,+3.18,-7.13,-0.556967,-0.296823,0.533,0.91,0.030988,monotone; order well below the formal 2: not asymptotic
ux_amplitude,benchmark,mm,2.16299,2.6568,2.91671,2.72,2.61,-20.48,-2.32,+7.23,0.493817,0.259905,0.526,0.93,0.024449,monotone; order well below the formal 2: not asymptotic
ux_amplitude,smoothed4ms,mm,2.15229,2.64625,2.9067,2.72,2.61,-20.87,-2.71,+6.86,0.493961,0.260454,0.527,0.92,0.0242919,monotone; order well below the formal 2: not asymptotic
ux_frequency,benchmark,Hz,11.1765,11.0456,10.9498,10.93,10.93,+2.25,+1.06,+0.18,-0.130896,-0.0957432,0.731,0.45,0.00849361,monotone; order well below the formal 2: not asymptotic
uy_mean,benchmark,mm,1.66925,1.4952,1.4666,1.47,1.43,,,,-0.17405,-0.0286,,,0.07335,undefined: quantity near zero
uy_mean,smoothed4ms,mm,1.66926,1.49477,1.4663,1.47,1.43,,,,-0.174488,-0.0284693,,,0.0735706,undefined: quantity near zero
uy_amplitude,benchmark,mm,29.8533,34.1754,36.2305,34.99,34.43,-14.68,-2.33,+3.55,4.32205,2.0551,0.475,1.07,0.2305,monotone; order well below the formal 2: not asymptotic
uy_amplitude,smoothed4ms,mm,29.8156,34.1409,36.1987,34.99,34.43,-14.79,-2.43,+3.45,4.32527,2.05776,0.476,1.07,0.23025,monotone; order well below the formal 2: not asymptotic
uy_frequency,benchmark,Hz,5.58795,5.52266,5.47383,5.46,5.46,+2.34,+1.15,+0.25,-0.0652903,-0.0488268,0.748,0.42,0.00424681,monotone; order well below the formal 2: not asymptotic
drag_mean,benchmark,N/m,456.637,459.74,462.093,460.5,459.1,-0.84,-0.17,+0.35,3.10347,2.35327,0.758,,3.55697,unreliable: 2x->4x change within the late-time variability
drag_mean,smoothed4ms,N/m,456.776,459.69,462.895,460.5,459.1,-0.81,-0.18,+0.52,2.9135,3.20509,1.100,,2.29694,undefined: differences do not decrease
drag_amplitude,benchmark,N/m,22.873,28.0293,32.7573,27.74,26.5,-17.55,+1.04,+18.09,5.15627,4.72807,0.917,0.13,2.56817,monotone; order well below the formal 2: not asymptotic
drag_amplitude,smoothed4ms,N/m,22.6298,27.6262,30.6258,27.74,26.5,-18.42,-0.41,+10.40,4.99642,2.99957,0.600,0.74,1.29408,monotone; order well below the formal 2: not asymptotic
drag_frequency,benchmark,Hz,11.181,11.0435,10.9398,10.93,10.93,+2.30,+1.04,+0.09,-0.137454,-0.103756,0.755,0.41,0.00849361,monotone; order well below the formal 2: not asymptotic
lift_mean,benchmark,N/m,0.817733,0.2495,5.9972,2.5,2.36,,,,-0.568233,5.7477,,,7.4008,undefined: quantity near zero
lift_mean,smoothed4ms,N/m,0.931447,0.212341,3.82387,2.5,2.36,,,,-0.719106,3.61153,,,1.42202,undefined: quantity near zero
lift_amplitude,benchmark,N/m,229.084,174.144,176.985,153.91,149.91,+48.84,+13.15,+14.99,-54.9405,2.8415,-0.052,,7.012,unreliable: 2x->4x change within the late-time variability
lift_amplitude,smoothed4ms,N/m,228.777,172.273,165.555,153.91,149.91,+48.64,+11.93,+7.57,-56.5037,-6.71808,0.119,3.07,1.63776,"monotone; order above the formal 2: possible error cancellation, not demonstrably asymptotic"
lift_frequency,benchmark,Hz,5.5881,5.52324,5.49259,5.46,5.46,+2.35,+1.16,+0.60,-0.0648582,-0.0306487,0.473,1.08,0.00424681,monotone; order well below the formal 2: not asymptotic
